Included - RI,Alternatively Spliced - RI,Excluded - RI
0.9270833333333335,0.0329912023460411,0
0.994884910485933,0.177579365079365,0
1,0.56951871657754,0.0143540669856459
1,0.808641975308642,0.02697510790928765
1,0.9723865194153074,0.18156199949138602
